1970,1971,1972,1973,1974,1975,1976,1977,1978,1979,1980,1981,1982,1983,1984,1985,1986,1987,1988,1989,1990,1991,1992,1993,1994,1995,1996,1997,1998,1999,2000,2001,2002,2003,2004,2005,2006,2007,2008,2009,2010,2011,Country Code,Country Name,Indicator Code,Indicator Name
0.00E+00,5.26E-04,3.61E-04,9.21E-05,2.58E-03,8.78E-03,9.27E-03,1.96E-02,1.25E-02,5.66E-01,2.62E-01,1.32E-01,2.18E-01,2.93E-01,2.61E-01,1.92E-01,1.29E-01,7.50E-02,6.12E-02,6.85E-02,7.57E-02,5.04E-02,9.33E-02,7.43E-02,3.16E-02,2.01E-02,1.02E-02,8.96E-03,5.71E-03,4.84E-03,1.17E-02,3.67E-02,1.60E-01,2.86E-01,3.17E-01,5.26E-01,4.04E-01,4.46E-01,6.98E-01,4.14E-01,4.39E-01,5.26E-01,PHL,Philippines,NY.ADJ.DNGY.GN.ZS,Adjusted savings: energy depletion (% of GNI)
0.00E+00,3.84E+04,2.85E+04,9.18E+03,3.54E+05,1.30E+06,1.56E+06,3.83E+06,2.83E+06,1.54E+08,8.39E+07,4.62E+07,7.87E+07,9.47E+07,7.81E+07,5.64E+07,3.67E+07,2.40E+07,2.25E+07,2.82E+07,3.30E+07,2.28E+07,5.00E+07,4.11E+07,2.08E+07,1.53E+07,8.75E+06,7.80E+06,4.48E+06,3.97E+06,9.45E+06,2.79E+07,1.29E+08,2.40E+08,2.89E+08,5.40E+08,4.88E+08,6.61E+08,1.21E+09,6.95E+08,8.78E+08,1.19E+09,PHL,Philippines,NY.ADJ.DNGY.CD,Adjusted savings: energy depletion (current US$)
1.83E+00,1.44E+00,1.36E+00,2.13E+00,1.91E+00,9.88E-01,1.03E+00,1.05E+00,7.84E-01,1.30E+00,1.63E+00,1.06E+00,7.25E-01,9.13E-01,7.05E-01,7.41E-01,7.82E-01,9.33E-01,1.10E+00,1.05E+00,7.43E-01,5.23E-01,3.50E-01,2.38E-01,2.52E-01,3.25E-01,2.18E-01,1.81E-01,1.26E-01,1.07E-01,1.70E-01,1.29E-01,1.84E-01,2.55E-01,2.85E-01,3.46E-01,1.01E+00,1.83E+00,8.60E-01,1.05E+00,1.76E+00,2.10E+00,PHL,Philippines,NY.ADJ.DMIN.GN.ZS,Adjusted savings: mineral depletion (% of GNI)
1.20E+08,1.05E+08,1.07E+08,2.12E+08,2.62E+08,1.46E+08,1.74E+08,2.05E+08,1.77E+08,3.54E+08,5.22E+08,3.71E+08,2.62E+08,2.95E+08,2.11E+08,2.18E+08,2.23E+08,2.98E+08,4.03E+08,4.31E+08,3.24E+08,2.36E+08,1.87E+08,1.32E+08,1.66E+08,2.49E+08,1.87E+08,1.58E+08,9.89E+07,8.77E+07,1.38E+08,9.80E+07,1.49E+08,2.13E+08,2.60E+08,3.55E+08,1.23E+09,2.71E+09,1.49E+09,1.76E+09,3.52E+09,4.74E+09,PHL,Philippines,NY.ADJ.DMIN.CD,Adjusted savings: mineral depletion (current US$)
3.82E+00,3.33E+00,3.15E+00,4.08E+00,3.28E+00,2.22E+00,2.31E+00,2.19E+00,1.77E+00,2.95E+00,2.91E+00,1.90E+00,1.56E+00,1.90E+00,1.61E+00,1.57E+00,1.58E+00,1.83E+00,1.89E+00,1.73E+00,1.43E+00,1.06E+00,8.27E-01,7.23E-01,6.18E-01,6.28E-01,4.67E-01,3.96E-01,3.29E-01,3.03E-01,3.82E-01,3.44E-01,4.98E-01,7.04E-01,7.65E-01,1.03E+00,1.56E+00,2.39E+00,1.70E+00,1.58E+00,2.30E+00,2.72E+00,PHL,Philippines,NY.ADJ.DRES.GN.ZS,Adjusted savings: natural resources depletion (% of GNI)
2.00E+00,1.89E+00,1.80E+00,1.95E+00,1.37E+00,1.22E+00,1.27E+00,1.12E+00,9.71E-01,1.09E+00,1.01E+00,7.11E-01,6.22E-01,6.91E-01,6.45E-01,6.33E-01,6.69E-01,8.21E-01,7.32E-01,6.15E-01,6.09E-01,4.85E-01,3.83E-01,4.10E-01,3.35E-01,2.82E-01,2.39E-01,2.06E-01,1.97E-01,1.91E-01,2.01E-01,1.79E-01,1.54E-01,1.62E-01,1.64E-01,1.58E-01,1.42E-01,1.17E-01,1.37E-01,1.19E-01,1.04E-01,9.73E-02,PHL,Philippines,NY.ADJ.DFOR.GN.ZS,Adjusted savings: net forest depletion (% of GNI)
1.31E+08,1.38E+08,1.42E+08,1.94E+08,1.87E+08,1.80E+08,2.14E+08,2.18E+08,2.19E+08,2.98E+08,3.25E+08,2.50E+08,2.24E+08,2.24E+08,1.93E+08,1.86E+08,1.91E+08,2.63E+08,2.69E+08,2.53E+08,2.65E+08,2.19E+08,2.05E+08,2.27E+08,2.21E+08,2.16E+08,2.06E+08,1.79E+08,1.54E+08,1.57E+08,1.62E+08,1.36E+08,1.25E+08,1.36E+08,1.50E+08,1.63E+08,1.72E+08,1.73E+08,2.38E+08,1.99E+08,2.08E+08,2.20E+08,PHL,Philippines,NY.ADJ.DFOR.CD,Adjusted savings: net forest depletion (current US$)
5.79E+01,5.69E+01,5.58E+01,5.55E+01,5.52E+01,5.48E+01,5.45E+01,5.42E+01,5.37E+01,5.31E+01,5.26E+01,5.21E+01,5.16E+01,5.13E+01,5.10E+01,5.07E+01,5.04E+01,5.01E+01,5.03E+01,5.04E+01,5.06E+01,5.08E+01,5.10E+01,5.06E+01,5.02E+01,4.98E+01,4.94E+01,4.91E+01,5.00E+01,5.10E+01,5.19E+01,5.29E+01,5.39E+01,5.39E+01,5.40E+01,5.40E+01,5.40E+01,5.41E+01,5.26E+01,5.12E+01,4.97E+01,4.82E+01,PHL,Philippines,SP.ADO.TFRT,"Adolescent fertility rate (births per 1,000 women ages 15-19)"
9.60E+01,9.49E+01,9.38E+01,9.28E+01,9.18E+01,9.08E+01,8.99E+01,8.90E+01,8.81E+01,8.72E+01,8.63E+01,8.54E+01,8.44E+01,8.35E+01,8.27E+01,8.19E+01,8.12E+01,8.06E+01,8.00E+01,7.95E+01,7.88E+01,7.81E+01,7.74E+01,7.67E+01,7.59E+01,7.52E+01,7.45E+01,7.37E+01,7.30E+01,7.23E+01,7.17E+01,7.10E+01,7.03E+01,6.96E+01,6.88E+01,6.81E+01,6.73E+01,6.65E+01,6.56E+01,6.48E+01,6.39E+01,6.31E+01,PHL,Philippines,SP.POP.DPND,Age dependency ratio (% of working-age population)
5.86E+00,5.86E+00,5.89E+00,5.92E+00,5.95E+00,5.97E+00,5.99E+00,6.01E+00,6.01E+00,6.01E+00,5.98E+00,5.95E+00,5.90E+00,5.85E+00,5.80E+00,5.76E+00,5.73E+00,5.71E+00,5.68E+00,5.66E+00,5.62E+00,5.57E+00,5.51E+00,5.46E+00,5.42E+00,5.41E+00,5.41E+00,5.43E+00,5.47E+00,5.51E+00,5.55E+00,5.59E+00,5.63E+00,5.67E+00,5.71E+00,5.76E+00,5.82E+00,5.88E+00,5.95E+00,6.02E+00,6.09E+00,6.15E+00,PHL,Philippines,SP.POP.DPND.OL,"Age dependency ratio, old (% of working-age population)"
9.02E+01,8.90E+01,8.79E+01,8.68E+01,8.58E+01,8.48E+01,8.39E+01,8.30E+01,8.21E+01,8.12E+01,8.03E+01,7.94E+01,7.85E+01,7.77E+01,7.69E+01,7.61E+01,7.55E+01,7.49E+01,7.44E+01,7.38E+01,7.32E+01,7.26E+01,7.19E+01,7.12E+01,7.05E+01,6.98E+01,6.90E+01,6.83E+01,6.76E+01,6.68E+01,6.61E+01,6.54E+01,6.46E+01,6.39E+01,6.31E+01,6.23E+01,6.15E+01,6.06E+01,5.97E+01,5.88E+01,5.78E+01,5.69E+01,PHL,Philippines,SP.POP.DPND.YG,"Age dependency ratio, young (% of working-age population)"
3.92E+01,3.88E+01,3.85E+01,3.82E+01,3.80E+01,3.78E+01,3.76E+01,3.74E+01,3.72E+01,3.69E+01,3.66E+01,3.63E+01,3.59E+01,3.56E+01,3.53E+01,3.49E+01,3.46E+01,3.42E+01,3.38E+01,3.34E+01,3.30E+01,3.26E+01,3.21E+01,3.17E+01,3.13E+01,3.10E+01,3.06E+01,3.04E+01,3.01E+01,2.99E+01,2.96E+01,2.93E+01,2.89E+01,2.84E+01,2.79E+01,2.73E+01,2.67E+01,2.62E+01,2.57E+01,2.53E+01,2.50E+01,2.48E+01,PHL,Philippines,SP.DYN.CBRT.IN,"Birth rate, crude (per 1,000 people)"
1.29E+09,1.36E+09,1.66E+09,3.22E+09,6.62E+09,6.71E+09,8.30E+09,7.93E+09,9.04E+09,1.14E+10,4.55E+09,-8.13E+08,1.09E+09,-9.40E+08,-1.43E+10,-1.21E+10,-4.93E+09,6.81E+09,6.97E+09,7.24E+09,1.12E+10,2.18E+09,5.62E+09,3.05E+09,7.23E+09,4.70E+09,1.29E+10,8.67E+09,-1.29E+09,-5.75E+10,-1.34E+11,5.04E+10,1.64E+11,1.04E+11,6.50E+10,9.36E+10,-1.33E+11,-1.77E+11,-2.90E+10,-1.94E+11,1.63E+09,1.69E+11,PHL,Philippines,NE.GDI.STKB.CN,Changes in inventories (current LCU)
2.18E+08,2.12E+08,2.49E+08,4.76E+08,9.75E+08,9.26E+08,1.12E+09,1.07E+09,1.23E+09,1.54E+09,6.05E+08,-1.03E+08,1.28E+08,-8.46E+07,-8.55E+08,-6.51E+08,-2.42E+08,3.31E+08,3.30E+08,3.33E+08,4.61E+08,7.93E+07,2.20E+08,1.13E+08,2.74E+08,1.83E+08,4.91E+08,2.94E+08,-3.14E+07,-1.47E+09,-3.02E+09,9.89E+08,3.18E+09,1.92E+09,1.16E+09,1.70E+09,-2.58E+09,-3.83E+09,-6.51E+08,-4.08E+09,3.62E+07,3.90E+09,PHL,Philippines,NE.GDI.STKB.CD,Changes in inventories (current US$)
3.87E+01,4.02E+01,3.94E+01,4.07E+01,4.37E+01,5.02E+01,5.49E+01,5.61E+01,5.78E+01,5.94E+01,6.14E+01,6.31E+01,6.60E+01,6.01E+01,6.15E+01,6.39E+01,6.83E+01,6.64E+01,6.58E+01,6.79E+01,7.57E+01,7.47E+01,7.66E+01,7.72E+01,7.92E+01,7.91E+01,8.43E+01,8.38E+01,7.55E+01,8.16E+01,8.46E+01,8.79E+01,9.06E+01,9.40E+01,9.80E+01,1.00E+02,1.02E+02,1.09E+02,1.13E+02,1.12E+02,1.11E+02,1.13E+02,PHL,Philippines,AG.PRD.CROP.XD,Crop production index (2004-2006 = 100)
5.91E+00,6.43E+00,6.67E+00,6.76E+00,6.79E+00,7.25E+00,7.44E+00,7.40E+00,7.37E+00,7.38E+00,7.51E+00,7.90E+00,8.54E+00,1.11E+01,1.67E+01,1.86E+01,2.04E+01,2.06E+01,2.11E+01,2.17E+01,2.43E+01,2.75E+01,2.55E+01,2.71E+01,2.64E+01,2.57E+01,2.62E+01,2.95E+01,4.09E+01,3.91E+01,4.42E+01,5.10E+01,5.16E+01,5.42E+01,5.60E+01,5.51E+01,5.13E+01,4.61E+01,4.45E+01,4.77E+01,4.51E+01,4.33E+01,PHL,Philippines,PA.NUS.ATLS,DEC alternative conversion factor (LCU per US$)
8.92E+00,8.77E+00,8.65E+00,8.56E+00,8.51E+00,8.47E+00,8.44E+00,8.41E+00,8.35E+00,8.27E+00,8.15E+00,8.01E+00,7.84E+00,7.66E+00,7.47E+00,7.29E+00,7.11E+00,6.96E+00,6.82E+00,6.71E+00,6.62E+00,6.54E+00,6.48E+00,6.42E+00,6.37E+00,6.32E+00,6.27E+00,6.22E+00,6.18E+00,6.15E+00,6.12E+00,6.09E+00,6.07E+00,6.05E+00,6.04E+00,6.03E+00,6.01E+00,6.01E+00,6.00E+00,6.00E+00,6.00E+00,6.00E+00,PHL,Philippines,SP.DYN.CDRT.IN,"Death rate, crude (per 1,000 people)"
2.16E+01,2.05E+01,1.97E+01,2.48E+01,2.50E+01,2.10E+01,1.93E+01,2.11E+01,2.07E+01,2.16E+01,2.36E+01,2.38E+01,2.03E+01,2.13E+01,2.40E+01,2.40E+01,2.63E+01,2.66E+01,2.84E+01,2.81E+01,2.75E+01,2.96E+01,2.91E+01,3.14E+01,3.38E+01,3.64E+01,4.05E+01,4.90E+01,4.48E+01,4.55E+01,5.14E+01,4.60E+01,4.67E+01,4.72E+01,4.86E+01,4.61E+01,4.66E+01,4.33E+01,3.69E+01,3.22E+01,3.48E+01,3.20E+01,PHL,Philippines,NE.EXP.GNFS.ZS,Exports of goods and services (% of GDP)
8.52E+09,9.75E+09,1.05E+10,1.69E+10,2.34E+10,2.27E+10,2.46E+10,3.06E+10,3.46E+10,4.37E+10,5.75E+10,6.71E+10,6.45E+10,7.88E+10,1.26E+11,1.37E+11,1.60E+11,1.82E+11,2.27E+11,2.60E+11,2.96E+11,3.69E+11,3.94E+11,4.62E+11,5.73E+11,6.93E+11,8.80E+11,1.19E+12,1.32E+12,1.48E+12,1.84E+12,1.79E+12,1.96E+12,2.14E+12,2.49E+12,2.62E+12,2.92E+12,2.98E+12,2.85E+12,2.59E+12,3.13E+12,3.10E+12,PHL,Philippines,NE.EXP.GNFS.CN,Exports of goods and services (current LCU)
1.44E+09,1.52E+09,1.58E+09,2.50E+09,3.45E+09,3.13E+09,3.30E+09,4.14E+09,4.69E+09,5.93E+09,7.65E+09,8.50E+09,7.55E+09,7.09E+09,7.55E+09,7.38E+09,7.86E+09,8.84E+09,1.08E+10,1.20E+10,1.22E+10,1.34E+10,1.54E+10,1.70E+10,2.17E+10,2.69E+10,3.36E+10,4.03E+10,3.23E+10,3.78E+10,4.16E+10,3.51E+10,3.80E+10,3.96E+10,4.44E+10,4.76E+10,5.69E+10,6.46E+10,6.41E+10,5.43E+10,6.95E+10,7.16E+10,PHL,Philippines,NE.EXP.GNFS.CD,Exports of goods and services (current US$)
5.32E-01,3.99E-02,2.11E-01,4.88E+00,-2.33E+00,-6.09E+00,-5.92E+00,-3.07E+00,-4.27E+00,-5.08E+00,-4.90E+00,-3.34E+00,-5.80E+00,-6.74E+00,-1.05E+00,2.12E+00,3.95E+00,4.21E-01,1.45E+00,-2.16E+00,-5.77E+00,-2.99E+00,-4.90E+00,-8.45E+00,-6.31E+00,-7.82E+00,-8.79E+00,-1.03E+01,-9.13E+00,-3.93E+00,-1.99E+00,-6.86E+00,-8.94E+00,-7.54E+00,-5.50E+00,-5.60E+00,-1.78E+00,-9.78E-02,-2.46E+00,-1.13E+00,-1.81E+00,-3.65E+00,PHL,Philippines,NE.RSB.GNFS.ZS,External balance on goods and services (% of GDP)
2.10E+08,1.90E+07,1.13E+08,3.32E+09,-2.18E+09,-6.58E+09,-7.53E+09,-4.46E+09,-7.14E+09,-1.03E+10,-1.19E+10,-9.40E+09,-1.84E+10,-2.49E+10,-5.50E+09,1.21E+10,2.41E+10,2.87E+09,1.16E+10,-2.00E+10,-6.21E+10,-3.73E+10,-6.62E+10,-1.25E+11,-1.07E+11,-1.49E+11,-1.91E+11,-2.51E+11,-2.70E+11,-1.28E+11,-7.13E+10,-2.67E+11,-3.75E+11,-3.43E+11,-2.81E+11,-3.18E+11,-1.12E+11,-6.74E+09,-1.90E+11,-9.03E+10,-1.63E+11,-3.54E+11,PHL,Philippines,NE.RSB.GNFS.CN,External balance on goods and services (current LCU)
3.55E+07,2.95E+06,1.69E+07,4.92E+08,-3.21E+08,-9.07E+08,-1.01E+09,-6.03E+08,-9.69E+08,-1.40E+09,-1.59E+09,-1.19E+09,-2.15E+09,-2.24E+09,-3.29E+08,6.52E+08,1.18E+09,1.40E+08,5.51E+08,-9.18E+08,-2.56E+09,-1.36E+09,-2.60E+09,-4.59E+09,-4.04E+09,-5.80E+09,-7.28E+09,-8.51E+09,-6.60E+09,-3.26E+09,-1.61E+09,-5.23E+09,-7.27E+09,-6.32E+09,-5.02E+09,-5.78E+09,-2.18E+09,-1.46E+08,-4.27E+09,-1.89E+09,-3.62E+09,-8.17E+09,PHL,Philippines,NE.RSB.GNFS.CD,External balance on goods and services (current US$)
6.26E+00,6.15E+00,6.04E+00,5.93E+00,5.82E+00,5.72E+00,5.61E+00,5.51E+00,5.40E+00,5.29E+00,5.18E+00,5.08E+00,4.98E+00,4.88E+00,4.80E+00,4.71E+00,4.63E+00,4.55E+00,4.48E+00,4.40E+00,4.32E+00,4.25E+00,4.18E+00,4.11E+00,4.06E+00,4.01E+00,3.96E+00,3.92E+00,3.89E+00,3.85E+00,3.81E+00,3.77E+00,3.71E+00,3.64E+00,3.57E+00,3.49E+00,3.40E+00,3.33E+00,3.26E+00,3.20E+00,3.15E+00,3.11E+00,PHL,Philippines,SP.DYN.TFRT.IN,"Fertility rate, total (births per woman)"
2.98E+10,3.60E+10,4.09E+10,4.92E+10,6.88E+10,7.90E+10,9.09E+10,1.06E+11,1.22E+11,1.48E+11,1.79E+11,2.06E+11,2.37E+11,2.68E+11,3.99E+11,4.64E+11,4.93E+11,5.40E+11,6.31E+11,7.37E+11,8.76E+11,1.04E+12,1.15E+12,1.27E+12,1.44E+12,1.63E+12,1.85E+12,2.08E+12,2.53E+12,2.76E+12,2.99E+12,3.29E+12,3.55E+12,3.85E+12,4.30E+12,4.77E+12,5.25E+12,5.70E+12,6.42E+12,6.78E+12,7.32E+12,8.07E+12,PHL,Philippines,NE.CON.TOTL.CN,Final consumption expenditure (current LCU)
5.05E+09,5.59E+09,6.13E+09,7.29E+09,1.01E+10,1.09E+10,1.22E+10,1.43E+10,1.65E+10,2.01E+10,2.38E+10,2.61E+10,2.78E+10,2.41E+10,2.39E+10,2.50E+10,2.42E+10,2.62E+10,2.99E+10,3.39E+10,3.60E+10,3.79E+10,4.51E+10,4.69E+10,5.46E+10,6.33E+10,7.08E+10,7.06E+10,6.19E+10,7.05E+10,6.78E+10,6.46E+10,6.87E+10,7.09E+10,7.66E+10,8.66E+10,1.02E+11,1.24E+11,1.44E+11,1.42E+11,1.62E+11,1.86E+11,PHL,Philippines,NE.CON.TOTL.CD,Final consumption expenditure (current US$)
7.81E+01,7.89E+01,7.90E+01,7.33E+01,7.54E+01,7.52E+01,7.31E+01,7.24E+01,7.35E+01,7.42E+01,7.58E+01,7.59E+01,7.79E+01,7.71E+01,8.07E+01,8.35E+01,8.08E+01,8.21E+01,7.99E+01,8.06E+01,8.16E+01,8.28E+01,8.36E+01,8.45E+01,8.22E+01,8.54E+01,8.48E+01,8.56E+01,8.57E+01,8.50E+01,8.36E+01,8.47E+01,8.45E+01,8.46E+01,8.39E+01,8.41E+01,8.38E+01,8.28E+01,8.32E+01,8.45E+01,8.13E+01,8.32E+01,PHL,Philippines,NE.CON.TETC.ZS,"Final consumption expenditure, etc. (% of GDP)"
3.09E+10,3.76E+10,4.23E+10,4.99E+10,7.05E+10,8.12E+10,9.29E+10,1.05E+11,1.23E+11,1.51E+11,1.85E+11,2.14E+11,2.47E+11,2.85E+11,4.23E+11,4.78E+11,4.92E+11,5.60E+11,6.38E+11,7.46E+11,8.79E+11,1.03E+12,1.13E+12,1.25E+12,1.39E+12,1.63E+12,1.84E+12,2.08E+12,2.53E+12,2.76E+12,2.99E+12,3.29E+12,3.55E+12,3.85E+12,4.30E+12,4.77E+12,5.25E+12,5.70E+12,6.42E+12,6.78E+12,7.32E+12,8.07E+12,PHL,Philippines,NE.CON.TETC.CN,"Final consumption expenditure, etc. (current LCU)"
5.22E+09,5.85E+09,6.34E+09,7.39E+09,1.04E+10,1.12E+10,1.25E+10,1.42E+10,1.67E+10,2.04E+10,2.46E+10,2.70E+10,2.89E+10,2.56E+10,2.53E+10,2.57E+10,2.41E+10,2.72E+10,3.03E+10,3.43E+10,3.62E+10,3.76E+10,4.43E+10,4.59E+10,5.27E+10,6.33E+10,7.02E+10,7.05E+10,6.19E+10,7.05E+10,6.78E+10,6.46E+10,6.87E+10,7.09E+10,7.66E+10,8.66E+10,1.02E+11,1.24E+11,1.44E+11,1.42E+11,1.62E+11,1.86E+11,PHL,Philippines,NE.CON.TETC.CD,"Final consumption expenditure, etc. (current US$)"
3.49E+01,3.64E+01,3.58E+01,3.76E+01,4.14E+01,4.49E+01,4.85E+01,4.98E+01,5.13E+01,5.33E+01,5.56E+01,5.65E+01,5.83E+01,5.43E+01,5.56E+01,5.59E+01,6.00E+01,5.86E+01,5.90E+01,6.18E+01,6.85E+01,6.92E+01,7.07E+01,7.19E+01,7.42E+01,7.47E+01,8.00E+01,8.07E+01,7.49E+01,8.11E+01,8.42E+01,8.79E+01,9.10E+01,9.42E+01,9.75E+01,1.00E+02,1.02E+02,1.10E+02,1.13E+02,1.13E+02,1.13E+02,1.16E+02,PHL,Philippines,AG.PRD.FOOD.XD,Food production index (2004-2006 = 100)
2.96E+10,3.12E+10,3.29E+10,3.58E+10,3.71E+10,3.91E+10,4.26E+10,4.50E+10,4.73E+10,5.00E+10,5.25E+10,5.43E+10,5.63E+10,5.74E+10,5.32E+10,4.93E+10,5.10E+10,5.32E+10,5.67E+10,6.03E+10,6.21E+10,6.17E+10,6.19E+10,6.33E+10,6.60E+10,6.91E+10,7.32E+10,7.70E+10,7.65E+10,7.89E+10,8.24E+10,8.47E+10,8.78E+10,9.22E+10,9.84E+10,1.03E+11,1.08E+11,1.16E+11,1.20E+11,1.22E+11,1.31E+11,1.36E+11,PHL,Philippines,NY.GDP.MKTP.KD,GDP (constant 2005 US$)
1.29E+12,1.36E+12,1.43E+12,1.56E+12,1.61E+12,1.70E+12,1.85E+12,1.96E+12,2.06E+12,2.17E+12,2.28E+12,2.36E+12,2.45E+12,2.49E+12,2.31E+12,2.14E+12,2.22E+12,2.31E+12,2.47E+12,2.62E+12,2.70E+12,2.68E+12,2.69E+12,2.75E+12,2.87E+12,3.01E+12,3.18E+12,3.35E+12,3.33E+12,3.43E+12,3.58E+12,3.68E+12,3.82E+12,4.01E+12,4.28E+12,4.48E+12,4.72E+12,5.03E+12,5.24E+12,5.30E+12,5.70E+12,5.91E+12,PHL,Philippines,NY.GDP.MKTP.KN,GDP (constant LCU)
3.95E+10,4.76E+10,5.35E+10,6.81E+10,9.35E+10,1.08E+11,1.27E+11,1.45E+11,1.67E+11,2.03E+11,2.44E+11,2.82E+11,3.17E+11,3.69E+11,5.24E+11,5.72E+11,6.09E+11,6.83E+11,7.99E+11,9.25E+11,1.08E+12,1.25E+12,1.35E+12,1.47E+12,1.69E+12,1.91E+12,2.17E+12,2.43E+12,2.95E+12,3.24E+12,3.58E+12,3.89E+12,4.20E+12,4.55E+12,5.12E+12,5.68E+12,6.27E+12,6.89E+12,7.72E+12,8.03E+12,9.00E+12,9.71E+12,PHL,Philippines,NY.GDP.MKTP.CN,GDP (current LCU)
6.69E+09,7.41E+09,8.02E+09,1.01E+10,1.38E+10,1.49E+10,1.71E+10,1.96E+10,2.27E+10,2.75E+10,3.25E+10,3.56E+10,3.71E+10,3.32E+10,3.14E+10,3.07E+10,2.99E+10,3.32E+10,3.79E+10,4.26E+10,4.43E+10,4.54E+10,5.30E+10,5.44E+10,6.41E+10,7.41E+10,8.28E+10,8.23E+10,7.22E+10,8.30E+10,8.10E+10,7.63E+10,8.14E+10,8.39E+10,9.14E+10,1.03E+11,1.22E+11,1.49E+11,1.74E+11,1.68E+11,2.00E+11,2.24E+11,PHL,Philippines,NY.GDP.MKTP.CD,GDP (current US$)
3.07E+00,3.52E+00,3.74E+00,4.38E+00,5.80E+00,6.34E+00,6.87E+00,7.44E+00,8.13E+00,9.34E+00,1.07E+01,1.19E+01,1.30E+01,1.48E+01,2.27E+01,2.67E+01,2.75E+01,2.95E+01,3.24E+01,3.53E+01,3.99E+01,4.65E+01,5.02E+01,5.36E+01,5.90E+01,6.34E+01,6.83E+01,7.25E+01,8.88E+01,9.46E+01,1.00E+02,1.06E+02,1.10E+02,1.13E+02,1.20E+02,1.27E+02,1.33E+02,1.37E+02,1.47E+02,1.52E+02,1.58E+02,1.64E+02,PHL,Philippines,NY.GDP.DEFL.ZS,GDP deflator (base year varies by country)
8.26E+02,8.46E+02,8.67E+02,9.17E+02,9.23E+02,9.48E+02,1.00E+03,1.03E+03,1.05E+03,1.08E+03,1.11E+03,1.12E+03,1.12E+03,1.11E+03,1.01E+03,9.07E+02,9.13E+02,9.27E+02,9.64E+02,9.98E+02,1.00E+03,9.73E+02,9.53E+02,9.51E+02,9.70E+02,9.93E+02,1.03E+03,1.06E+03,1.03E+03,1.04E+03,1.06E+03,1.07E+03,1.08E+03,1.12E+03,1.17E+03,1.20E+03,1.24E+03,1.30E+03,1.33E+03,1.33E+03,1.40E+03,1.43E+03,PHL,Philippines,NY.GDP.PCAP.KD,GDP per capita (constant 2005 US$)
3.59E+04,3.68E+04,3.77E+04,3.99E+04,4.02E+04,4.12E+04,4.36E+04,4.48E+04,4.58E+04,4.71E+04,4.82E+04,4.85E+04,4.89E+04,4.85E+04,4.37E+04,3.94E+04,3.97E+04,4.03E+04,4.19E+04,4.34E+04,4.36E+04,4.23E+04,4.14E+04,4.14E+04,4.22E+04,4.32E+04,4.47E+04,4.60E+04,4.47E+04,4.51E+04,4.61E+04,4.65E+04,4.72E+04,4.85E+04,5.08E+04,5.22E+04,5.40E+04,5.66E+04,5.80E+04,5.76E+04,6.10E+04,6.22E+04,PHL,Philippines,NY.GDP.PCAP.KN,GDP per capita (constant LCU)
1.10E+03,1.29E+03,1.41E+03,1.75E+03,2.33E+03,2.61E+03,3.00E+03,3.33E+03,3.73E+03,4.40E+03,5.14E+03,5.78E+03,6.33E+03,7.17E+03,9.92E+03,1.05E+04,1.09E+04,1.19E+04,1.36E+04,1.53E+04,1.74E+04,1.97E+04,2.08E+04,2.22E+04,2.49E+04,2.74E+04,3.05E+04,3.33E+04,3.97E+04,4.27E+04,4.61E+04,4.90E+04,5.19E+04,5.51E+04,6.08E+04,6.62E+04,7.18E+04,7.76E+04,8.54E+04,8.73E+04,9.64E+04,1.02E+05,PHL,Philippines,NY.GDP.PCAP.CN,GDP per capita (current LCU)
1.87E+02,2.01E+02,2.11E+02,2.58E+02,3.43E+02,3.61E+02,4.03E+02,4.50E+02,5.06E+02,5.96E+02,6.85E+02,7.32E+02,7.42E+02,6.45E+02,5.94E+02,5.66E+02,5.35E+02,5.79E+02,6.44E+02,7.05E+02,7.15E+02,7.16E+02,8.15E+02,8.17E+02,9.42E+02,1.06E+03,1.16E+03,1.13E+03,9.71E+02,1.09E+03,1.04E+03,9.62E+02,1.00E+03,1.02E+03,1.08E+03,1.20E+03,1.40E+03,1.68E+03,1.92E+03,1.83E+03,2.14E+03,2.36E+03,PHL,Philippines,NY.GDP.PCAP.CD,GDP per capita (current US$)
2610.871818,2629.767413,2648.79976,2667.96985,2687.27868,2706.727252,2726.316579,2746.04768,2765.921579,2785.939312,2806.101919,2826.410447,2846.865955,2.82E+03,2.55E+03,2.30E+03,2.31E+03,2.35E+03,2.44E+03,2.53E+03,2.54E+03,2.46E+03,2.41E+03,2.41E+03,2.46E+03,2.51E+03,2.60E+03,2.68E+03,2.60E+03,2.63E+03,2.69E+03,2.71E+03,2.75E+03,2.83E+03,2.96E+03,3.04E+03,3.14E+03,3.29E+03,3.38E+03,3.36E+03,3.55E+03,3.62E+03,PHL,Philippines,NY.GDP.PCAP.PP.KD,"GDP per capita, PPP (constant 2005 international $)"
600.1519991,651.3949032,707.0130908,767.3801379,832.9015172,904.0173221,981.2052228,1064.983674,1155.915399,1254.611166,1361.733894,1478.003105,1604.199754,1.65E+03,1.54E+03,1.43E+03,1.47E+03,1.53E+03,1.65E+03,1.77E+03,1.84E+03,1.85E+03,1.85E+03,1.89E+03,1.97E+03,2.06E+03,2.17E+03,2.27E+03,2.24E+03,2.29E+03,2.39E+03,2.46E+03,2.54E+03,2.67E+03,2.87E+03,3.04E+03,3.24E+03,3.49E+03,3.64E+03,3.65E+03,3.91E+03,4.06E+03,PHL,Philippines,NY.GDP.PCAP.PP.CD,"GDP per capita, PPP (current international $)"
94097225793,97410626217,1.00841E+11,1.04392E+11,1.08067E+11,1.11873E+11,1.15812E+11,1.1989E+11,1.24112E+11,1.28482E+11,1.33006E+11,1.3769E+11,1.42538E+11,1.45E+11,1.35E+11,1.25E+11,1.29E+11,1.35E+11,1.44E+11,1.53E+11,1.57E+11,1.56E+11,1.57E+11,1.60E+11,1.67E+11,1.75E+11,1.85E+11,1.95E+11,1.94E+11,2.00E+11,2.09E+11,2.15E+11,2.22E+11,2.33E+11,2.49E+11,2.61E+11,2.75E+11,2.93E+11,3.05E+11,3.09E+11,3.32E+11,3.44E+11,PHL,Philippines,NY.GDP.MKTP.PP.KD,"GDP, PPP (constant 2005 international $)"
21629801122,24128668233,26916226710,30025828749,33494679688,37364283158,41680937656,46496290496,51867955748,57860203572,64544729191,72001510696,80319765959,8.47E+10,8.13E+10,7.77E+10,8.20E+10,8.77E+10,9.69E+10,1.07E+11,1.14E+11,1.17E+11,1.20E+11,1.26E+11,1.34E+11,1.43E+11,1.55E+11,1.65E+11,1.66E+11,1.74E+11,1.86E+11,1.95E+11,2.06E+11,2.20E+11,2.41E+11,2.61E+11,2.83E+11,3.10E+11,3.29E+11,3.35E+11,3.65E+11,3.86E+11,PHL,Philippines,NY.GDP.MKTP.PP.CD,"GDP, PPP (current international $)"
3.87E+10,4.70E+10,5.27E+10,6.73E+10,9.32E+10,1.07E+11,1.25E+11,1.44E+11,1.66E+11,2.01E+11,2.40E+11,2.77E+11,3.08E+11,3.60E+11,5.00E+11,5.47E+11,5.82E+11,6.58E+11,7.74E+11,8.93E+11,1.06E+12,1.24E+12,1.37E+12,1.50E+12,1.74E+12,1.97E+12,2.26E+12,2.56E+12,3.21E+12,3.20E+12,3.58E+12,3.89E+12,4.18E+12,4.53E+12,5.12E+12,5.66E+12,6.21E+12,6.85E+12,7.73E+12,8.02E+12,9.03E+12,9.72E+12,PHL,Philippines,NY.GNP.MKTP.CN,GNI (current LCU)
6.56E+09,7.31E+09,7.89E+09,9.97E+09,1.37E+10,1.48E+10,1.68E+10,1.95E+10,2.26E+10,2.73E+10,3.20E+10,3.51E+10,3.61E+10,3.24E+10,2.99E+10,2.94E+10,2.85E+10,3.20E+10,3.67E+10,4.11E+10,4.36E+10,4.52E+10,5.36E+10,5.53E+10,6.59E+10,7.64E+10,8.61E+10,8.70E+10,7.84E+10,8.19E+10,8.10E+10,7.62E+10,8.09E+10,8.36E+10,9.13E+10,1.03E+11,1.21E+11,1.48E+11,1.74E+11,1.68E+11,2.00E+11,2.24E+11,PHL,Philippines,NY.GNP.MKTP.CD,GNI (current US$)
1.08E+03,1.28E+03,1.39E+03,1.73E+03,2.32E+03,2.59E+03,2.95E+03,3.31E+03,3.71E+03,4.36E+03,5.07E+03,5.69E+03,6.16E+03,6.99E+03,9.45E+03,1.01E+04,1.04E+04,1.15E+04,1.31E+04,1.48E+04,1.71E+04,1.96E+04,2.10E+04,2.25E+04,2.56E+04,2.82E+04,3.17E+04,3.52E+04,4.31E+04,4.21E+04,4.61E+04,4.90E+04,5.16E+04,5.49E+04,6.07E+04,6.60E+04,7.10E+04,7.71E+04,8.55E+04,8.72E+04,9.66E+04,1.02E+05,PHL,Philippines,NY.GNP.PCAP.CN,GNI per capita (current LCU)
651.3833622,700.5677021,753.4658294,810.3581629,871.5462952,937.3545914,1008.131909,1084.253445,1166.12273,1254.173761,1348.873307,1450.723381,1560.2639,1.60E+03,1.46E+03,1.37E+03,1.40E+03,1.47E+03,1.59E+03,1.71E+03,1.81E+03,1.84E+03,1.87E+03,1.93E+03,2.03E+03,2.13E+03,2.26E+03,2.40E+03,2.43E+03,2.26E+03,2.39E+03,2.46E+03,2.53E+03,2.66E+03,2.86E+03,3.03E+03,3.21E+03,3.47E+03,3.64E+03,3.65E+03,3.92E+03,4.07E+03,PHL,Philippines,NY.GNP.PCAP.PP.CD,"GNI per capita, PPP (current international $)"
23033904544,25504375708,28239814010,31268638152,34622314848,38335685731,42447329328,46999961856,52040881003,57622457310,63802678248,70645750662,78222767816,8.25E+10,7.74E+10,7.44E+10,7.84E+10,8.45E+10,9.38E+10,1.03E+11,1.12E+11,1.17E+11,1.22E+11,1.28E+11,1.38E+11,1.48E+11,1.61E+11,1.75E+11,1.81E+11,1.72E+11,1.86E+11,1.95E+11,2.05E+11,2.19E+11,2.41E+11,2.60E+11,2.80E+11,3.08E+11,3.29E+11,3.35E+11,3.66E+11,3.86E+11,PHL,Philippines,NY.GNP.MKTP.PP.CD,"GNI, PPP (current international $)"
9.28E+00,9.35E+00,1.02E+01,9.54E+00,9.94E+00,1.07E+01,1.08E+01,1.03E+01,1.01E+01,9.38E+00,9.07E+00,8.76E+00,9.12E+00,8.28E+00,7.03E+00,7.61E+00,7.95E+00,8.40E+00,9.03E+00,9.53E+00,1.01E+01,9.93E+00,9.66E+00,1.01E+01,1.08E+01,1.14E+01,1.19E+01,1.32E+01,1.33E+01,1.22E+01,1.14E+01,1.11E+01,1.06E+01,1.02E+01,9.38E+00,9.04E+00,9.18E+00,9.28E+00,8.83E+00,9.86E+00,9.72E+00,9.70E+00,PHL,Philippines,NE.CON.GOVT.ZS,General government final consumption expenditure (% of GDP)
3.67E+09,4.46E+09,5.49E+09,6.50E+09,9.30E+09,1.16E+10,1.37E+10,1.50E+10,1.68E+10,1.90E+10,2.21E+10,2.47E+10,2.89E+10,3.06E+10,3.69E+10,4.35E+10,4.84E+10,5.73E+10,7.22E+10,8.82E+10,1.09E+11,1.24E+11,1.31E+11,1.49E+11,1.83E+11,2.17E+11,2.60E+11,3.20E+11,3.92E+11,3.96E+11,4.09E+11,4.31E+11,4.44E+11,4.64E+11,4.80E+11,5.13E+11,5.76E+11,6.40E+11,6.82E+11,7.91E+11,8.75E+11,9.42E+11,PHL,Philippines,NE.CON.GOVT.CN,General government final consumption expenditure (current LCU)
6.20E+08,6.93E+08,8.22E+08,9.62E+08,1.37E+09,1.60E+09,1.85E+09,2.02E+09,2.28E+09,2.58E+09,2.94E+09,3.12E+09,3.39E+09,2.75E+09,2.21E+09,2.34E+09,2.38E+09,2.79E+09,3.42E+09,4.06E+09,4.48E+09,4.51E+09,5.12E+09,5.50E+09,6.92E+09,8.44E+09,9.90E+09,1.09E+10,9.59E+09,1.01E+10,9.26E+09,8.45E+09,8.60E+09,8.56E+09,8.57E+09,9.32E+09,1.12E+10,1.39E+10,1.53E+10,1.66E+10,1.94E+10,2.17E+10,PHL,Philippines,NE.CON.GOVT.CD,General government final consumption expenditure (current US$)
2.13E+01,2.10E+01,2.08E+01,2.18E+01,2.69E+01,3.09E+01,3.29E+01,3.06E+01,3.08E+01,3.08E+01,2.91E+01,2.75E+01,2.79E+01,2.96E+01,2.03E+01,1.43E+01,1.52E+01,1.75E+01,1.87E+01,2.16E+01,2.42E+01,2.02E+01,2.13E+01,2.40E+01,2.41E+01,2.25E+01,2.40E+01,2.48E+01,2.34E+01,1.90E+01,1.84E+01,2.21E+01,2.45E+01,2.30E+01,2.16E+01,2.16E+01,1.80E+01,1.73E+01,1.93E+01,1.66E+01,2.05E+01,2.05E+01,PHL,Philippines,NE.GDI.TOTL.ZS,Gross capital formation (% of GDP)
8.43E+09,1.00E+10,1.11E+10,1.49E+10,2.52E+10,3.33E+10,4.18E+10,4.45E+10,5.15E+10,6.26E+10,7.09E+10,7.73E+10,8.84E+10,1.09E+11,1.07E+11,8.20E+10,9.28E+10,1.19E+11,1.49E+11,2.00E+11,2.60E+11,2.52E+11,2.88E+11,3.54E+11,4.07E+11,4.28E+11,5.22E+11,6.01E+11,6.91E+11,6.15E+11,6.58E+11,8.61E+11,1.03E+12,1.05E+12,1.11E+12,1.22E+12,1.13E+12,1.20E+12,1.49E+12,1.33E+12,1.85E+12,1.99E+12,PHL,Philippines,NE.GDI.TOTL.CN,Gross capital formation (current LCU)
1.43E+09,1.56E+09,1.66E+09,2.20E+09,3.71E+09,4.60E+09,5.62E+09,6.02E+09,6.99E+09,8.48E+09,9.44E+09,9.79E+09,1.04E+10,9.83E+09,6.39E+09,4.41E+09,4.55E+09,5.81E+09,7.07E+09,9.20E+09,1.07E+10,9.18E+09,1.13E+10,1.30E+10,1.54E+10,1.66E+10,1.99E+10,2.04E+10,1.69E+10,1.57E+10,1.49E+10,1.69E+10,1.99E+10,1.93E+10,1.97E+10,2.22E+10,2.20E+10,2.59E+10,3.35E+10,2.79E+10,4.10E+10,4.58E+10,PHL,Philippines,NE.GDI.TOTL.CD,Gross capital formation (current US$)
2.19E+01,2.11E+01,2.10E+01,2.67E+01,2.46E+01,2.48E+01,2.69E+01,2.76E+01,2.65E+01,2.58E+01,2.42E+01,2.41E+01,2.21E+01,2.29E+01,1.93E+01,1.65E+01,1.92E+01,1.79E+01,2.01E+01,1.94E+01,1.84E+01,1.72E+01,1.64E+01,1.55E+01,1.78E+01,1.46E+01,1.52E+01,1.44E+01,1.43E+01,1.50E+01,1.64E+01,1.53E+01,1.55E+01,1.54E+01,1.61E+01,1.59E+01,1.62E+01,1.72E+01,1.68E+01,1.55E+01,1.87E+01,1.68E+01,PHL,Philippines,NY.GDS.TOTL.ZS,Gross domestic savings (% of GDP)
8.64E+09,1.00E+10,1.12E+10,1.82E+10,2.30E+10,2.67E+10,3.43E+10,4.01E+10,4.43E+10,5.23E+10,5.90E+10,6.79E+10,7.00E+10,8.43E+10,1.01E+11,9.42E+10,1.17E+11,1.22E+11,1.61E+11,1.80E+11,1.98E+11,2.15E+11,2.22E+11,2.29E+11,3.01E+11,2.79E+11,3.31E+11,3.50E+11,4.21E+11,4.88E+11,5.86E+11,5.94E+11,6.52E+11,7.02E+11,8.25E+11,9.05E+11,1.02E+12,1.19E+12,1.30E+12,1.24E+12,1.69E+12,1.63E+12,PHL,Philippines,NY.GDS.TOTL.CN,Gross domestic savings (current LCU)
1.46E+09,1.56E+09,1.68E+09,2.69E+09,3.39E+09,3.69E+09,4.61E+09,5.42E+09,6.02E+09,7.08E+09,7.85E+09,8.60E+09,8.20E+09,7.59E+09,6.06E+09,5.06E+09,5.73E+09,5.95E+09,7.62E+09,8.28E+09,8.15E+09,7.82E+09,8.71E+09,8.45E+09,1.14E+10,1.08E+10,1.26E+10,1.19E+10,1.03E+10,1.25E+10,1.33E+10,1.17E+10,1.26E+10,1.30E+10,1.47E+10,1.64E+10,1.98E+10,2.57E+10,2.92E+10,2.60E+10,3.74E+10,3.77E+10,PHL,Philippines,NY.GDS.TOTL.CD,Gross domestic savings (current US$)
1.81E+01,1.82E+01,1.77E+01,1.71E+01,1.99E+01,2.46E+01,2.63E+01,2.52E+01,2.54E+01,2.52E+01,2.72E+01,2.78E+01,2.75E+01,2.98E+01,2.31E+01,1.65E+01,1.60E+01,1.65E+01,1.78E+01,2.08E+01,2.31E+01,2.00E+01,2.09E+01,2.38E+01,2.36E+01,2.22E+01,2.34E+01,2.44E+01,2.34E+01,2.07E+01,2.21E+01,2.08E+01,2.06E+01,2.07E+01,2.03E+01,1.99E+01,2.01E+01,1.99E+01,1.97E+01,1.90E+01,2.05E+01,1.87E+01,PHL,Philippines,NE.GDI.FTOT.ZS,Gross fixed capital formation (% of GDP)
7.14E+09,8.65E+09,9.45E+09,1.16E+10,1.86E+10,2.66E+10,3.35E+10,3.66E+10,4.24E+10,5.12E+10,6.64E+10,7.81E+10,8.73E+10,1.10E+11,1.21E+11,9.42E+10,9.77E+10,1.13E+11,1.42E+11,1.93E+11,2.49E+11,2.50E+11,2.83E+11,3.51E+11,4.00E+11,4.23E+11,5.09E+11,5.93E+11,6.92E+11,6.73E+11,7.91E+11,8.11E+11,8.63E+11,9.41E+11,1.04E+12,1.13E+12,1.26E+12,1.37E+12,1.52E+12,1.53E+12,1.85E+12,1.82E+12,PHL,Philippines,NE.GDI.FTOT.CN,Gross fixed capital formation (current LCU)
1.21E+09,1.35E+09,1.42E+09,1.72E+09,2.74E+09,3.67E+09,4.50E+09,4.95E+09,5.76E+09,6.94E+09,8.83E+09,9.89E+09,1.02E+10,9.91E+09,7.25E+09,5.06E+09,4.79E+09,5.48E+09,6.74E+09,8.86E+09,1.02E+10,9.10E+09,1.11E+10,1.29E+10,1.51E+10,1.65E+10,1.94E+10,2.01E+10,1.69E+10,1.72E+10,1.79E+10,1.59E+10,1.67E+10,1.74E+10,1.86E+10,2.05E+10,2.46E+10,2.97E+10,3.41E+10,3.20E+10,4.10E+10,4.20E+10,PHL,Philippines,NE.GDI.FTOT.CD,Gross fixed capital formation (current US$)
9.95E+01,1.00E+02,9.98E+01,9.51E+01,1.02E+02,1.06E+02,1.06E+02,1.03E+02,1.04E+02,1.05E+02,1.05E+02,1.03E+02,1.06E+02,1.07E+02,1.01E+02,9.79E+01,9.60E+01,9.96E+01,9.85E+01,1.02E+02,1.06E+02,1.03E+02,1.05E+02,1.08E+02,1.06E+02,1.08E+02,1.09E+02,1.10E+02,1.09E+02,1.04E+02,1.02E+02,1.07E+02,1.09E+02,1.08E+02,1.05E+02,1.06E+02,1.02E+02,1.00E+02,1.02E+02,1.01E+02,1.02E+02,1.04E+02,PHL,Philippines,NE.DAB.TOTL.ZS,Gross national expenditure (% of GDP)
3.93E+10,4.76E+10,5.34E+10,6.48E+10,9.57E+10,1.15E+11,1.35E+11,1.50E+11,1.74E+11,2.13E+11,2.56E+11,2.91E+11,3.36E+11,3.94E+11,5.30E+11,5.60E+11,5.85E+11,6.80E+11,7.88E+11,9.45E+11,1.14E+12,1.29E+12,1.42E+12,1.60E+12,1.80E+12,2.06E+12,2.36E+12,2.68E+12,3.22E+12,3.37E+12,3.65E+12,4.16E+12,4.57E+12,4.89E+12,5.40E+12,6.00E+12,6.38E+12,6.90E+12,7.91E+12,8.12E+12,9.17E+12,1.01E+13,PHL,Philippines,NE.DAB.TOTL.CN,Gross national expenditure (current LCU)
6.65E+09,7.41E+09,8.00E+09,9.59E+09,1.41E+10,1.58E+10,1.81E+10,2.03E+10,2.37E+10,2.89E+10,3.40E+10,3.68E+10,3.93E+10,3.55E+10,3.17E+10,3.01E+10,2.87E+10,3.31E+10,3.73E+10,4.35E+10,4.69E+10,4.68E+10,5.56E+10,5.90E+10,6.81E+10,7.99E+10,9.01E+10,9.09E+10,7.88E+10,8.63E+10,8.26E+10,8.15E+10,8.86E+10,9.02E+10,9.64E+10,1.09E+11,1.24E+11,1.50E+11,1.78E+11,1.70E+11,2.03E+11,2.32E+11,PHL,Philippines,NE.DAB.TOTL.CD,Gross national expenditure (current US$)
6.88E+01,6.96E+01,6.88E+01,6.38E+01,6.54E+01,6.45E+01,6.23E+01,6.22E+01,6.34E+01,6.49E+01,6.67E+01,6.71E+01,6.88E+01,6.89E+01,7.37E+01,7.59E+01,7.29E+01,7.37E+01,7.08E+01,7.10E+01,7.15E+01,7.28E+01,7.39E+01,7.44E+01,7.14E+01,7.40E+01,7.28E+01,7.24E+01,7.25E+01,7.28E+01,7.22E+01,7.36E+01,7.39E+01,7.44E+01,7.45E+01,7.50E+01,7.46E+01,7.35E+01,7.43E+01,7.47E+01,7.16E+01,7.35E+01,PHL,Philippines,NE.CON.PETC.ZS,"Household final consumption expenditure, etc. (% of GDP)"
2.72E+10,3.32E+10,3.68E+10,4.34E+10,6.12E+10,6.96E+10,7.92E+10,9.04E+10,1.06E+11,1.32E+11,1.63E+11,1.89E+11,2.18E+11,2.54E+11,3.86E+11,4.34E+11,4.44E+11,5.03E+11,5.66E+11,6.57E+11,7.70E+11,9.09E+11,9.99E+11,1.10E+12,1.21E+12,1.41E+12,1.58E+12,1.76E+12,2.14E+12,2.36E+12,2.59E+12,2.86E+12,3.10E+12,3.38E+12,3.81E+12,4.26E+12,4.68E+12,5.06E+12,5.74E+12,5.99E+12,6.44E+12,7.13E+12,PHL,Philippines,NE.CON.PETC.CN,"Household final consumption expenditure, etc. (current LCU)"
4.60E+09,5.16E+09,5.52E+09,6.43E+09,9.02E+09,9.61E+09,1.06E+10,1.22E+10,1.44E+10,1.78E+10,2.17E+10,2.39E+10,2.56E+10,2.29E+10,2.31E+10,2.33E+10,2.18E+10,2.45E+10,2.68E+10,3.02E+10,3.17E+10,3.31E+10,3.92E+10,4.04E+10,4.58E+10,5.48E+10,6.03E+10,5.96E+10,5.23E+10,6.04E+10,5.85E+10,5.62E+10,6.01E+10,6.24E+10,6.81E+10,7.73E+10,9.12E+10,1.10E+11,1.29E+11,1.26E+11,1.43E+11,1.65E+11,PHL,Philippines,NE.CON.PETC.CD,"Household final consumption expenditure, etc. (current US$)"
2.10E+01,2.04E+01,1.95E+01,1.99E+01,2.74E+01,2.71E+01,2.52E+01,2.41E+01,2.49E+01,2.66E+01,2.85E+01,2.72E+01,2.61E+01,2.81E+01,2.51E+01,2.19E+01,2.24E+01,2.62E+01,2.69E+01,3.03E+01,3.33E+01,3.26E+01,3.40E+01,3.98E+01,4.01E+01,4.42E+01,4.93E+01,5.93E+01,5.39E+01,4.94E+01,5.34E+01,5.29E+01,5.57E+01,5.47E+01,5.41E+01,5.17E+01,4.84E+01,4.34E+01,3.94E+01,3.34E+01,3.66E+01,3.56E+01,PHL,Philippines,NE.IMP.GNFS.ZS,Imports of goods and services (% of GDP)
8.31E+09,9.73E+09,1.04E+10,1.35E+10,2.56E+10,2.93E+10,3.21E+10,3.51E+10,4.17E+10,5.40E+10,6.94E+10,7.65E+10,8.29E+10,1.04E+11,1.32E+11,1.25E+11,1.36E+11,1.79E+11,2.15E+11,2.80E+11,3.59E+11,4.07E+11,4.60E+11,5.87E+11,6.79E+11,8.42E+11,1.07E+12,1.44E+12,1.59E+12,1.60E+12,1.91E+12,2.06E+12,2.34E+12,2.49E+12,2.77E+12,2.94E+12,3.03E+12,2.99E+12,3.04E+12,2.68E+12,3.30E+12,3.46E+12,PHL,Philippines,NE.IMP.GNFS.CN,Imports of goods and services (current LCU)
1.41E+09,1.51E+09,1.56E+09,2.01E+09,3.77E+09,4.04E+09,4.32E+09,4.74E+09,5.66E+09,7.33E+09,9.24E+09,9.69E+09,9.71E+09,9.33E+09,7.88E+09,6.73E+09,6.68E+09,8.70E+09,1.02E+10,1.29E+10,1.47E+10,1.48E+10,1.80E+10,2.16E+10,2.57E+10,3.27E+10,4.08E+10,4.88E+10,3.89E+10,4.10E+10,4.32E+10,4.03E+10,4.53E+10,4.59E+10,4.94E+10,5.33E+10,5.91E+10,6.48E+10,6.83E+10,5.62E+10,7.31E+10,7.98E+10,PHL,Philippines,NE.IMP.GNFS.CD,Imports of goods and services (current US$)
2.98E+05,2.98E+05,2.98E+05,2.98E+05,2.98E+05,2.98E+05,2.98E+05,2.98E+05,2.98E+05,2.98E+05,2.98E+05,2.98E+05,2.98E+05,2.98E+05,2.98E+05,2.98E+05,2.98E+05,2.98E+05,2.98E+05,2.98E+05,2.98E+05,2.98E+05,2.98E+05,2.98E+05,2.98E+05,2.98E+05,2.98E+05,2.98E+05,2.98E+05,2.98E+05,2.98E+05,2.98E+05,2.98E+05,2.98E+05,2.98E+05,2.98E+05,2.98E+05,2.98E+05,2.98E+05,2.98E+05,2.98E+05,2.98E+05,PHL,Philippines,AG.LND.TOTL.K2,Land area (sq. km)
6.26E+01,6.29E+01,6.31E+01,6.33E+01,6.35E+01,6.36E+01,6.38E+01,6.39E+01,6.41E+01,6.43E+01,6.46E+01,6.49E+01,6.52E+01,6.56E+01,6.60E+01,6.64E+01,6.68E+01,6.72E+01,6.75E+01,6.78E+01,6.80E+01,6.83E+01,6.85E+01,6.87E+01,6.88E+01,6.90E+01,6.92E+01,6.94E+01,6.96E+01,6.98E+01,7.00E+01,7.02E+01,7.04E+01,7.05E+01,7.07E+01,7.09E+01,7.10E+01,7.12E+01,7.14E+01,7.16E+01,7.17E+01,7.19E+01,PHL,Philippines,SP.DYN.LE00.FE.IN,"Life expectancy at birth, female (years)"
5.91E+01,5.93E+01,5.94E+01,5.95E+01,5.95E+01,5.95E+01,5.95E+01,5.96E+01,5.96E+01,5.97E+01,5.99E+01,6.01E+01,6.04E+01,6.07E+01,6.10E+01,6.13E+01,6.16E+01,6.19E+01,6.22E+01,6.24E+01,6.25E+01,6.27E+01,6.28E+01,6.29E+01,6.30E+01,6.31E+01,6.33E+01,6.34E+01,6.35E+01,6.36E+01,6.37E+01,6.39E+01,6.40E+01,6.41E+01,6.42E+01,6.43E+01,6.44E+01,6.45E+01,6.46E+01,6.48E+01,6.49E+01,6.51E+01,PHL,Philippines,SP.DYN.LE00.MA.IN,"Life expectancy at birth, male (years)"
6.08E+01,6.10E+01,6.12E+01,6.14E+01,6.15E+01,6.15E+01,6.16E+01,6.17E+01,6.18E+01,6.19E+01,6.22E+01,6.24E+01,6.27E+01,6.31E+01,6.34E+01,6.38E+01,6.42E+01,6.45E+01,6.48E+01,6.50E+01,6.52E+01,6.54E+01,6.56E+01,6.57E+01,6.59E+01,6.60E+01,6.62E+01,6.63E+01,6.65E+01,6.66E+01,6.68E+01,6.69E+01,6.71E+01,6.72E+01,6.74E+01,6.75E+01,6.76E+01,6.78E+01,6.79E+01,6.81E+01,6.82E+01,6.84E+01,PHL,Philippines,SP.DYN.LE00.IN,"Life expectancy at birth, total (years)"
2.38E+01,2.45E+01,2.44E+01,2.85E+01,3.48E+01,2.97E+01,2.89E+01,3.08E+01,3.22E+01,3.57E+01,3.84E+01,3.86E+01,3.71E+01,3.93E+01,4.01E+01,3.37E+01,3.68E+01,3.94E+01,4.26E+01,4.75E+01,4.82E+01,5.47E+01,5.56E+01,5.90E+01,6.08E+01,6.40E+01,6.90E+01,7.34E+01,7.64E+01,8.04E+01,8.44E+01,8.94E+01,9.31E+01,9.55E+01,9.66E+01,9.85E+01,1.05E+02,1.13E+02,1.15E+02,1.16E+02,1.19E+02,1.21E+02,PHL,Philippines,AG.PRD.LVSK.XD,Livestock production index (2004-2006 = 100)
0.00E+00,0.00E+00,0.00E+00,0.00E+00,0.00E+00,0.00E+00,0.00E+00,0.00E+00,0.00E+00,0.00E+00,0.00E+00,0.00E+00,0.00E+00,0.00E+00,0.00E+00,0.00E+00,0.00E+00,0.00E+00,0.00E+00,0.00E+00,0.00E+00,3.46E+04,5.60E+04,1.02E+05,1.72E+05,4.94E+05,9.59E+05,1.34E+06,1.73E+06,2.85E+06,6.45E+06,1.22E+07,1.54E+07,2.25E+07,3.29E+07,3.48E+07,4.29E+07,5.73E+07,6.81E+07,7.56E+07,8.32E+07,9.42E+07,PHL,Philippines,IT.CEL.SETS,Mobile cellular subscriptions
0.00E+00,0.00E+00,0.00E+00,0.00E+00,0.00E+00,0.00E+00,0.00E+00,0.00E+00,0.00E+00,0.00E+00,0.00E+00,0.00E+00,0.00E+00,0.00E+00,0.00E+00,0.00E+00,0.00E+00,0.00E+00,0.00E+00,0.00E+00,0.00E+00,5.48E-02,8.67E-02,1.55E-01,2.54E-01,7.13E-01,1.35E+00,1.86E+00,2.34E+00,3.77E+00,8.35E+00,1.54E+01,1.91E+01,2.74E+01,3.92E+01,4.07E+01,4.92E+01,6.47E+01,7.55E+01,8.24E+01,8.92E+01,9.93E+01,PHL,Philippines,IT.CEL.SETS.P2,Mobile cellular subscriptions (per 100 people)
-7.68E+08,-6.52E+08,-8.49E+08,-7.74E+08,-3.72E+08,-9.11E+08,-1.88E+09,-1.04E+09,-1.00E+09,-1.65E+09,-3.30E+09,-4.16E+09,-8.92E+09,-9.55E+09,-2.46E+10,-2.45E+10,-2.69E+10,-2.51E+10,-2.56E+10,-3.23E+10,-1.81E+10,-5.72E+09,1.50E+10,2.51E+10,4.89E+10,5.99E+10,8.60E+10,1.38E+11,2.54E+11,-4.15E+10,-1.33E+09,-2.91E+09,-2.22E+10,-1.56E+10,-4.15E+09,-1.64E+10,-6.47E+10,-4.15E+10,4.67E+09,-9.19E+09,2.28E+10,1.03E+10,PHL,Philippines,NY.GSR.NFCY.CN,Net income from abroad (current LCU)
-1.30E+08,-1.01E+08,-1.27E+08,-1.15E+08,-5.48E+07,-1.26E+08,-2.53E+08,-1.41E+08,-1.36E+08,-2.23E+08,-4.39E+08,-5.27E+08,-1.04E+09,-8.59E+08,-1.48E+09,-1.32E+09,-1.32E+09,-1.22E+09,-1.21E+09,-1.49E+09,-7.44E+08,-2.08E+08,5.86E+08,9.24E+08,1.85E+09,2.33E+09,3.28E+09,4.68E+09,6.21E+09,-1.06E+09,-3.00E+07,-5.70E+07,-4.30E+08,-2.87E+08,-7.40E+07,-2.98E+08,-1.26E+09,-8.99E+08,1.05E+08,-1.93E+08,5.05E+08,2.37E+08,PHL,Philippines,NY.GSR.NFCY.CD,Net income from abroad (current US$)
0.770686067,0.739109139,0.708825996,0.679783629,0.6519312,0.625219955,0.599603136,0.575035902,0.551475248,0.528879933,0.507210405,0.486428731,0.466498534,3.92E-01,3.87E-01,3.95E-01,3.64E-01,3.78E-01,3.91E-01,3.98E-01,3.88E-01,3.87E-01,4.40E-01,4.32E-01,4.77E-01,5.17E-01,5.36E-01,4.98E-01,4.34E-01,4.77E-01,4.36E-01,3.90E-01,3.96E-01,3.81E-01,3.79E-01,3.95E-01,4.32E-01,4.82E-01,5.28E-01,5.02E-01,5.46E-01,5.80E-01,PHL,Philippines,PA.NUS.PPPC.RF,PPP conversion factor (GDP) to market exchange rate ratio
3.033408038,3.101911692,3.171962368,3.243595004,3.316845324,3.391749861,3.468345972,3.546671858,3.626766583,3.708670092,3.792423234,3.878067778,3.965646438,4.36E+00,6.45E+00,7.36E+00,7.43E+00,7.78E+00,8.25E+00,8.65E+00,9.43E+00,1.06E+01,1.12E+01,1.17E+01,1.26E+01,1.33E+01,1.40E+01,1.47E+01,1.78E+01,1.87E+01,1.93E+01,1.99E+01,2.04E+01,2.07E+01,2.12E+01,2.18E+01,2.22E+01,2.22E+01,2.35E+01,2.39E+01,2.46E+01,2.51E+01,PHL,Philippines,PA.NUS.PPP,"PPP conversion factor, GDP (LCU per international $)"
3.58E+07,3.69E+07,3.79E+07,3.90E+07,4.02E+07,4.13E+07,4.25E+07,4.37E+07,4.49E+07,4.61E+07,4.74E+07,4.87E+07,5.01E+07,5.15E+07,5.29E+07,5.43E+07,5.58E+07,5.73E+07,5.89E+07,6.04E+07,6.19E+07,6.35E+07,6.50E+07,6.65E+07,6.81E+07,6.96E+07,7.12E+07,7.28E+07,7.44E+07,7.60E+07,7.77E+07,7.93E+07,8.10E+07,8.26E+07,8.42E+07,8.58E+07,8.74E+07,8.89E+07,9.04E+07,9.19E+07,9.34E+07,9.51E+07,PHL,Philippines,SP.POP.TOTL,Population (Total)
4.60E+01,4.57E+01,4.54E+01,4.51E+01,4.48E+01,4.45E+01,4.42E+01,4.39E+01,4.36E+01,4.34E+01,4.31E+01,4.28E+01,4.26E+01,4.23E+01,4.21E+01,4.19E+01,4.17E+01,4.15E+01,4.13E+01,4.11E+01,4.09E+01,4.07E+01,4.05E+01,4.03E+01,4.01E+01,3.98E+01,3.96E+01,3.93E+01,3.91E+01,3.88E+01,3.85E+01,3.82E+01,3.80E+01,3.77E+01,3.74E+01,3.71E+01,3.67E+01,3.64E+01,3.60E+01,3.57E+01,3.53E+01,3.49E+01,PHL,Philippines,SP.POP.0014.TO.ZS,Population ages 0-14 (% of total)
5.10E+01,5.13E+01,5.16E+01,5.19E+01,5.21E+01,5.24E+01,5.27E+01,5.29E+01,5.32E+01,5.34E+01,5.37E+01,5.39E+01,5.42E+01,5.45E+01,5.47E+01,5.50E+01,5.52E+01,5.54E+01,5.55E+01,5.57E+01,5.59E+01,5.61E+01,5.64E+01,5.66E+01,5.68E+01,5.71E+01,5.73E+01,5.76E+01,5.78E+01,5.80E+01,5.83E+01,5.85E+01,5.87E+01,5.90E+01,5.92E+01,5.95E+01,5.98E+01,6.01E+01,6.04E+01,6.07E+01,6.10E+01,6.13E+01,PHL,Philippines,SP.POP.1564.TO.ZS,Population ages 15-64 (% of total)
2.99E+00,3.01E+00,3.04E+00,3.07E+00,3.10E+00,3.13E+00,3.16E+00,3.18E+00,3.20E+00,3.21E+00,3.21E+00,3.21E+00,3.20E+00,3.19E+00,3.18E+00,3.17E+00,3.16E+00,3.16E+00,3.16E+00,3.15E+00,3.14E+00,3.13E+00,3.11E+00,3.09E+00,3.08E+00,3.09E+00,3.10E+00,3.13E+00,3.16E+00,3.20E+00,3.23E+00,3.27E+00,3.30E+00,3.34E+00,3.38E+00,3.43E+00,3.48E+00,3.54E+00,3.60E+00,3.66E+00,3.72E+00,3.77E+00,PHL,Philippines,SP.POP.65UP.TO.ZS,Population ages 65 and above (% of total)
1.20E+02,1.24E+02,1.27E+02,1.31E+02,1.35E+02,1.38E+02,1.42E+02,1.46E+02,1.50E+02,1.55E+02,1.59E+02,1.63E+02,1.68E+02,1.73E+02,1.77E+02,1.82E+02,1.87E+02,1.92E+02,1.97E+02,2.03E+02,2.08E+02,2.13E+02,2.18E+02,2.23E+02,2.28E+02,2.33E+02,2.39E+02,2.44E+02,2.49E+02,2.55E+02,2.60E+02,2.66E+02,2.72E+02,2.77E+02,2.82E+02,2.88E+02,2.93E+02,2.98E+02,3.03E+02,3.08E+02,3.13E+02,3.19E+02,PHL,Philippines,EN.POP.DNST,Population density (people per sq. km of land area)
2.88E+00,2.88E+00,2.87E+00,2.86E+00,2.84E+00,2.81E+00,2.78E+00,2.76E+00,2.75E+00,2.74E+00,2.74E+00,2.74E+00,2.74E+00,2.73E+00,2.72E+00,2.71E+00,2.70E+00,2.68E+00,2.65E+00,2.59E+00,2.51E+00,2.44E+00,2.37E+00,2.31E+00,2.28E+00,2.26E+00,2.24E+00,2.22E+00,2.19E+00,2.16E+00,2.13E+00,2.10E+00,2.07E+00,2.02E+00,1.95E+00,1.87E+00,1.78E+00,1.71E+00,1.67E+00,1.66E+00,1.68E+00,1.71E+00,PHL,Philippines,SP.POP.GROW,Population growth (annual %)
3.53E+06,3.79E+06,4.07E+06,4.37E+06,4.69E+06,5.00E+06,5.18E+06,5.36E+06,5.56E+06,5.75E+06,5.95E+06,6.13E+06,6.31E+06,6.50E+06,6.69E+06,6.89E+06,7.09E+06,7.30E+06,7.52E+06,7.74E+06,7.97E+06,8.24E+06,8.52E+06,8.80E+06,9.10E+06,9.40E+06,9.54E+06,9.64E+06,9.74E+06,9.85E+06,9.96E+06,1.01E+07,1.03E+07,1.04E+07,1.06E+07,1.08E+07,1.09E+07,1.11E+07,1.13E+07,1.14E+07,1.16E+07,1.18E+07,PHL,Philippines,EN.URB.LCTY,Population in largest city
2.99E+01,3.07E+01,3.16E+01,3.24E+01,3.33E+01,3.40E+01,3.39E+01,3.38E+01,3.37E+01,3.36E+01,3.35E+01,3.26E+01,3.17E+01,3.09E+01,3.02E+01,2.95E+01,2.88E+01,2.81E+01,2.75E+01,2.70E+01,2.65E+01,2.67E+01,2.70E+01,2.73E+01,2.76E+01,2.80E+01,2.78E+01,2.75E+01,2.72E+01,2.70E+01,2.67E+01,2.66E+01,2.64E+01,2.63E+01,2.62E+01,2.61E+01,2.60E+01,2.59E+01,2.58E+01,2.57E+01,2.56E+01,2.54E+01,PHL,Philippines,EN.URB.LCTY.UR.ZS,Population in the largest city (% of urban population)
4.94E+01,4.94E+01,4.94E+01,4.94E+01,4.94E+01,4.94E+01,4.94E+01,4.94E+01,4.94E+01,4.94E+01,4.94E+01,4.94E+01,4.94E+01,4.94E+01,4.94E+01,4.94E+01,4.95E+01,4.95E+01,4.95E+01,4.95E+01,4.95E+01,4.95E+01,4.95E+01,4.95E+01,4.95E+01,4.96E+01,4.96E+01,4.96E+01,4.96E+01,4.96E+01,4.96E+01,4.97E+01,4.97E+01,4.97E+01,4.97E+01,4.97E+01,4.98E+01,4.98E+01,4.98E+01,4.98E+01,4.99E+01,4.99E+01,PHL,Philippines,SP.POP.TOTL.FE.ZS,"Population, female (% of total)"
6.00E+00,6.00E+00,6.00E+00,6.00E+00,6.00E+00,6.00E+00,6.00E+00,6.00E+00,6.00E+00,6.00E+00,6.00E+00,6.00E+00,6.00E+00,6.00E+00,6.00E+00,6.00E+00,6.00E+00,6.00E+00,6.00E+00,6.00E+00,6.00E+00,6.00E+00,6.00E+00,6.00E+00,6.00E+00,6.00E+00,6.00E+00,6.00E+00,6.00E+00,6.00E+00,6.00E+00,6.00E+00,6.00E+00,6.00E+00,6.00E+00,6.00E+00,6.00E+00,6.00E+00,6.00E+00,6.00E+00,6.00E+00,6.00E+00,PHL,Philippines,SE.PRM.DURS,"Primary education, duration (years)"
7.00E+00,7.00E+00,7.00E+00,7.00E+00,7.00E+00,7.00E+00,7.00E+00,7.00E+00,7.00E+00,7.00E+00,7.00E+00,7.00E+00,7.00E+00,7.00E+00,7.00E+00,7.00E+00,7.00E+00,7.00E+00,7.00E+00,7.00E+00,7.00E+00,7.00E+00,7.00E+00,7.00E+00,7.00E+00,7.00E+00,7.00E+00,7.00E+00,7.00E+00,6.00E+00,6.00E+00,6.00E+00,6.00E+00,6.00E+00,6.00E+00,6.00E+00,6.00E+00,6.00E+00,6.00E+00,6.00E+00,6.00E+00,6.00E+00,PHL,Philippines,SE.PRM.AGES,Primary school starting age (years)
2.40E+07,2.45E+07,2.50E+07,2.56E+07,2.61E+07,2.66E+07,2.72E+07,2.78E+07,2.84E+07,2.90E+07,2.96E+07,2.99E+07,3.02E+07,3.05E+07,3.07E+07,3.09E+07,3.12E+07,3.14E+07,3.16E+07,3.17E+07,3.18E+07,3.27E+07,3.35E+07,3.43E+07,3.51E+07,3.60E+07,3.69E+07,3.77E+07,3.86E+07,3.95E+07,4.04E+07,4.12E+07,4.21E+07,4.29E+07,4.38E+07,4.46E+07,4.53E+07,4.60E+07,4.66E+07,4.73E+07,4.80E+07,4.86E+07,PHL,Philippines,SP.RUR.TOTL,Rural population
6.70E+01,6.65E+01,6.60E+01,6.55E+01,6.50E+01,6.44E+01,6.41E+01,6.37E+01,6.33E+01,6.29E+01,6.25E+01,6.14E+01,6.03E+01,5.92E+01,5.81E+01,5.70E+01,5.58E+01,5.47E+01,5.36E+01,5.25E+01,5.14E+01,5.15E+01,5.15E+01,5.16E+01,5.17E+01,5.17E+01,5.18E+01,5.18E+01,5.19E+01,5.20E+01,5.20E+01,5.20E+01,5.20E+01,5.20E+01,5.20E+01,5.20E+01,5.18E+01,5.17E+01,5.16E+01,5.15E+01,5.14E+01,5.11E+01,PHL,Philippines,SP.RUR.TOTL.ZS,Rural population (% of total population)
2.47E+00,2.11E+00,2.09E+00,2.08E+00,2.05E+00,2.01E+00,2.19E+00,2.16E+00,2.14E+00,2.13E+00,2.13E+00,9.46E-01,9.07E-01,8.66E-01,8.23E-01,7.74E-01,7.34E-01,6.78E-01,6.01E-01,4.98E-01,3.81E-01,2.55E+00,2.48E+00,2.43E+00,2.40E+00,2.38E+00,2.36E+00,2.33E+00,2.31E+00,2.28E+00,2.24E+00,2.08E+00,2.05E+00,2.00E+00,1.93E+00,1.85E+00,1.55E+00,1.47E+00,1.43E+00,1.42E+00,1.44E+00,1.24E+00,PHL,Philippines,SP.RUR.TOTL.ZG,Rural population growth (annual %)
4.00E+00,4.00E+00,4.00E+00,4.00E+00,4.00E+00,4.00E+00,4.00E+00,4.00E+00,4.00E+00,4.00E+00,4.00E+00,4.00E+00,4.00E+00,4.00E+00,4.00E+00,4.00E+00,4.00E+00,4.00E+00,4.00E+00,4.00E+00,4.00E+00,4.00E+00,4.00E+00,4.00E+00,4.00E+00,4.00E+00,4.00E+00,4.00E+00,4.00E+00,4.00E+00,4.00E+00,4.00E+00,4.00E+00,4.00E+00,4.00E+00,4.00E+00,4.00E+00,4.00E+00,4.00E+00,4.00E+00,4.00E+00,4.00E+00,PHL,Philippines,SE.SEC.DURS,"Secondary education, duration (years)"
1.30E+01,1.30E+01,1.30E+01,1.30E+01,1.30E+01,1.30E+01,1.30E+01,1.30E+01,1.30E+01,1.30E+01,1.30E+01,1.30E+01,1.30E+01,1.30E+01,1.30E+01,1.30E+01,1.30E+01,1.30E+01,1.30E+01,1.30E+01,1.30E+01,1.30E+01,1.30E+01,1.30E+01,1.30E+01,1.30E+01,1.30E+01,1.30E+01,1.20E+01,1.20E+01,1.20E+01,1.20E+01,1.20E+01,1.20E+01,1.20E+01,1.20E+01,1.20E+01,1.20E+01,1.20E+01,1.20E+01,1.20E+01,1.20E+01,PHL,Philippines,SE.SEC.AGES,Secondary school starting age (years)
3.00E+05,3.00E+05,3.00E+05,3.00E+05,3.00E+05,3.00E+05,3.00E+05,3.00E+05,3.00E+05,3.00E+05,3.00E+05,3.00E+05,3.00E+05,3.00E+05,3.00E+05,3.00E+05,3.00E+05,3.00E+05,3.00E+05,3.00E+05,3.00E+05,3.00E+05,3.00E+05,3.00E+05,3.00E+05,3.00E+05,3.00E+05,3.00E+05,3.00E+05,3.00E+05,3.00E+05,3.00E+05,3.00E+05,3.00E+05,3.00E+05,3.00E+05,3.00E+05,3.00E+05,3.00E+05,3.00E+05,3.00E+05,3.00E+05,PHL,Philippines,AG.SRF.TOTL.K2,Surface area (sq. km)
6.20E+01,6.25E+01,6.29E+01,6.32E+01,6.35E+01,6.37E+01,6.40E+01,6.42E+01,6.47E+01,6.51E+01,6.55E+01,6.60E+01,6.64E+01,6.69E+01,6.75E+01,6.80E+01,6.86E+01,6.91E+01,6.94E+01,6.98E+01,7.01E+01,7.05E+01,7.08E+01,7.12E+01,7.15E+01,7.18E+01,7.21E+01,7.25E+01,7.28E+01,7.31E+01,7.34E+01,7.37E+01,7.40E+01,7.42E+01,7.45E+01,7.48E+01,7.51E+01,7.54E+01,7.57E+01,7.60E+01,7.63E+01,7.66E+01,PHL,Philippines,SP.DYN.TO65.FE.ZS,"Survival to age 65, female (% of cohort)"
5.41E+01,5.41E+01,5.42E+01,5.42E+01,5.43E+01,5.44E+01,5.44E+01,5.45E+01,5.46E+01,5.46E+01,5.49E+01,5.51E+01,5.53E+01,5.56E+01,5.59E+01,5.63E+01,5.66E+01,5.69E+01,5.70E+01,5.72E+01,5.73E+01,5.75E+01,5.76E+01,5.77E+01,5.79E+01,5.80E+01,5.81E+01,5.83E+01,5.84E+01,5.85E+01,5.86E+01,5.87E+01,5.88E+01,5.89E+01,5.90E+01,5.92E+01,5.93E+01,5.94E+01,5.97E+01,6.00E+01,6.03E+01,6.06E+01,PHL,Philippines,SP.DYN.TO65.MA.ZS,"Survival to age 65, male (% of cohort)"
1.79E+05,1.96E+05,2.15E+05,2.35E+05,2.58E+05,2.83E+05,3.10E+05,3.39E+05,3.71E+05,4.07E+05,4.20E+05,4.43E+05,4.81E+05,4.90E+05,5.05E+05,5.10E+05,5.35E+05,5.46E+05,5.71E+05,5.91E+05,6.10E+05,6.48E+05,6.61E+05,8.60E+05,1.11E+06,1.41E+06,1.79E+06,2.08E+06,2.49E+06,2.89E+06,3.06E+06,3.32E+06,3.31E+06,3.34E+06,3.44E+06,3.37E+06,3.63E+06,3.94E+06,4.08E+06,4.10E+06,3.34E+06,3.56E+06,PHL,Philippines,IT.MLT.MAIN,Telephone lines
5.05E-01,5.38E-01,5.73E-01,6.10E-01,6.49E-01,6.91E-01,7.36E-01,7.84E-01,8.35E-01,8.89E-01,8.92E-01,9.15E-01,9.66E-01,9.58E-01,9.60E-01,9.44E-01,9.64E-01,9.57E-01,9.74E-01,9.84E-01,9.90E-01,1.03E+00,1.02E+00,1.30E+00,1.64E+00,2.04E+00,2.52E+00,2.87E+00,3.37E+00,3.82E+00,3.96E+00,4.20E+00,4.11E+00,4.06E+00,4.10E+00,3.94E+00,4.17E+00,4.44E+00,4.52E+00,4.47E+00,3.58E+00,3.75E+00,PHL,Philippines,IT.MLT.MAIN.P2,Telephone lines (per 100 people)
4.26E+01,4.09E+01,3.91E+01,4.47E+01,5.24E+01,4.81E+01,4.46E+01,4.52E+01,4.56E+01,4.82E+01,5.20E+01,5.10E+01,4.65E+01,4.94E+01,4.91E+01,4.59E+01,4.87E+01,5.29E+01,5.53E+01,5.84E+01,6.08E+01,6.22E+01,6.32E+01,7.12E+01,7.40E+01,8.05E+01,8.98E+01,1.08E+02,9.87E+01,9.49E+01,1.05E+02,9.89E+01,1.02E+02,1.02E+02,1.03E+02,9.79E+01,9.49E+01,8.66E+01,7.63E+01,6.56E+01,7.14E+01,6.76E+01,PHL,Philippines,NE.TRD.GNFS.ZS,Trade (% of GDP)
1.18E+07,1.23E+07,1.29E+07,1.35E+07,1.41E+07,1.47E+07,1.53E+07,1.59E+07,1.65E+07,1.71E+07,1.78E+07,1.88E+07,1.99E+07,2.10E+07,2.22E+07,2.34E+07,2.46E+07,2.59E+07,2.73E+07,2.87E+07,3.01E+07,3.08E+07,3.15E+07,3.22E+07,3.29E+07,3.36E+07,3.43E+07,3.51E+07,3.58E+07,3.65E+07,3.73E+07,3.81E+07,3.89E+07,3.97E+07,4.05E+07,4.12E+07,4.21E+07,4.29E+07,4.37E+07,4.46E+07,4.55E+07,4.65E+07,PHL,Philippines,SP.URB.TOTL,Urban population
3.30E+01,3.35E+01,3.40E+01,3.45E+01,3.50E+01,3.56E+01,3.59E+01,3.63E+01,3.67E+01,3.71E+01,3.75E+01,3.86E+01,3.97E+01,4.08E+01,4.19E+01,4.30E+01,4.42E+01,4.53E+01,4.64E+01,4.75E+01,4.86E+01,4.85E+01,4.85E+01,4.84E+01,4.84E+01,4.83E+01,4.82E+01,4.82E+01,4.81E+01,4.81E+01,4.80E+01,4.80E+01,4.80E+01,4.80E+01,4.80E+01,4.80E+01,4.82E+01,4.83E+01,4.84E+01,4.85E+01,4.86E+01,4.89E+01,PHL,Philippines,SP.URB.TOTL.IN.ZS,Urban population (% of total)
3.72E+00,4.43E+00,4.40E+00,4.37E+00,4.32E+00,4.27E+00,3.86E+00,3.83E+00,3.80E+00,3.78E+00,3.77E+00,5.67E+00,5.58E+00,5.49E+00,5.41E+00,5.33E+00,5.24E+00,5.16E+00,5.07E+00,4.95E+00,4.82E+00,2.31E+00,2.24E+00,2.19E+00,2.16E+00,2.14E+00,2.12E+00,2.09E+00,2.07E+00,2.04E+00,2.00E+00,2.12E+00,2.08E+00,2.04E+00,1.97E+00,1.89E+00,2.04E+00,1.97E+00,1.92E+00,1.92E+00,1.93E+00,2.19E+00,PHL,Philippines,SP.URB.GROW,Urban population growth (annual %)
